{"Mean":{"confidence_interval":{"confidence_level":0.95,"lower_bound":100300722.73558812,"upper_bound":100457874.27424717},"point_estimate":100374461.88439548,"standard_error":40381.314266613364},"Median":{"confidence_interval":{"confidence_level":0.95,"lower_bound":100204775.0,"upper_bound":100338690.0},"point_estimate":100294345.71428572,"standard_error":30252.455326700056},"MedianAbsDev":{"confidence_interval":{"confidence_level":0.95,"lower_bound":201602.97078685137,"upper_bound":341129.07523618464},"point_estimate":268159.93326665385,"standard_error":37148.46620346595},"Slope":{"confidence_interval":{"confidence_level":0.95,"lower_bound":100213188.07156071,"upper_bound":100372542.41598436},"point_estimate":100286837.14378601,"standard_error":40945.57647803431},"StdDev":{"confidence_interval":{"confidence_level":0.95,"lower_bound":279099.200898607,"upper_bound":541877.7538041357},"point_estimate":404842.5458141226,"standard_error":71130.81316858159}}