{"Mean":{"confidence_interval":{"confidence_level":0.95,"lower_bound":121378909.4378957,"upper_bound":123925876.39782895},"point_estimate":122519512.53889282,"standard_error":650456.9906958576},"Median":{"confidence_interval":{"confidence_level":0.95,"lower_bound":120768763.15789473,"upper_bound":121832170.39621526},"point_estimate":121349619.14583334,"standard_error":294658.7024440086},"MedianAbsDev":{"confidence_interval":{"confidence_level":0.95,"lower_bound":1726112.4699157386,"upper_bound":2757781.397025775},"point_estimate":2161330.4733537287,"standard_error":259864.76370209458},"Slope":{"confidence_interval":{"confidence_level":0.95,"lower_bound":121503546.48156078,"upper_bound":123753228.76206844},"point_estimate":122477296.12856509,"standard_error":581538.0379778116},"StdDev":{"confidence_interval":{"confidence_level":0.95,"lower_bound":3104767.182329348,"upper_bound":9188574.015116008},"point_estimate":6520361.383513797,"standard_error":1543016.3335025555}}