{"Mean":{"confidence_interval":{"confidence_level":0.95,"lower_bound":61105641.278260686,"upper_bound":61271333.95313899},"point_estimate":61181073.789543584,"standard_error":42301.68132474158},"Median":{"confidence_interval":{"confidence_level":0.95,"lower_bound":61005381.76632573,"upper_bound":61130400.0},"point_estimate":61063753.47402597,"standard_error":27446.48352861268},"MedianAbsDev":{"confidence_interval":{"confidence_level":0.95,"lower_bound":122091.71038625129,"upper_bound":241108.57714803683},"point_estimate":175239.20122978862,"standard_error":28413.35512050727},"Slope":{"confidence_interval":{"confidence_level":0.95,"lower_bound":61076886.52897063,"upper_bound":61245793.73756325},"point_estimate":61152642.17910448,"standard_error":43270.67116703879},"StdDev":{"confidence_interval":{"confidence_level":0.95,"lower_bound":250233.5652363742,"upper_bound":600240.6588293894},"point_estimate":422379.78449094837,"standard_error":96402.394458713}}