{"Mean":{"confidence_interval":{"confidence_level":0.95,"lower_bound":36263698.32039287,"upper_bound":36402075.08907494},"point_estimate":36323784.786143675,"standard_error":35734.44882918048},"Median":{"confidence_interval":{"confidence_level":0.95,"lower_bound":36188840.0,"upper_bound":36261064.04440154},"point_estimate":36213850.44955045,"standard_error":17890.356881938056},"MedianAbsDev":{"confidence_interval":{"confidence_level":0.95,"lower_bound":74873.35845483773,"upper_bound":150900.9010838956},"point_estimate":104963.15803133362,"standard_error":18672.486749513224},"Slope":{"confidence_interval":{"confidence_level":0.95,"lower_bound":36251740.552346684,"upper_bound":36336789.56600194},"point_estimate":36291391.55135215,"standard_error":21802.625198591093},"StdDev":{"confidence_interval":{"confidence_level":0.95,"lower_bound":176338.46364214673,"upper_bound":546280.6887209296},"point_estimate":359477.9444531252,"standard_error":112976.05672919574}}