{"Mean":{"confidence_interval":{"confidence_level":0.95,"lower_bound":20396406.526076935,"upper_bound":22557265.37926016},"point_estimate":21377738.778609227,"standard_error":553292.8195438434},"Median":{"confidence_interval":{"confidence_level":0.95,"lower_bound":19465813.08479532,"upper_bound":20748530.1369863},"point_estimate":20093928.57142857,"standard_error":307280.5618988828},"MedianAbsDev":{"confidence_interval":{"confidence_level":0.95,"lower_bound":1895658.967157825,"upper_bound":3171904.985870693},"point_estimate":2580889.397614263,"standard_error":330788.3481738208},"Slope":{"confidence_interval":{"confidence_level":0.95,"lower_bound":19408495.03030683,"upper_bound":20719242.944823794},"point_estimate":20020259.72779666,"standard_error":335760.8207869146},"StdDev":{"confidence_interval":{"confidence_level":0.95,"lower_bound":3017304.2976610307,"upper_bound":7774472.619244137},"point_estimate":5556006.534762321,"standard_error":1234942.551634722}}