{"Mean":{"confidence_interval":{"confidence_level":0.95,"lower_bound":1265709.565318717,"upper_bound":1275728.6558074348},"point_estimate":1270189.2486196184,"standard_error":2568.526252412543},"Median":{"confidence_interval":{"confidence_level":0.95,"lower_bound":1261715.7894736843,"upper_bound":1267369.7270471463},"point_estimate":1263745.061728395,"standard_error":1742.4992179765727},"MedianAbsDev":{"confidence_interval":{"confidence_level":0.95,"lower_bound":8331.351597546474,"upper_bound":15368.640221088333},"point_estimate":10959.758015951753,"standard_error":1799.2499179096633},"Slope":{"confidence_interval":{"confidence_level":0.95,"lower_bound":1264493.8494489486,"upper_bound":1277221.7259712014},"point_estimate":1269963.926112014,"standard_error":3274.547538958081},"StdDev":{"confidence_interval":{"confidence_level":0.95,"lower_bound":13613.53663912957,"upper_bound":38081.57776201381},"point_estimate":25912.59700467861,"standard_error":6792.839751142949}}