{"Mean":{"confidence_interval":{"confidence_level":0.95,"lower_bound":3467398.7089617345,"upper_bound":3554950.5569189326},"point_estimate":3509490.3320412063,"standard_error":22339.301249097367},"Median":{"confidence_interval":{"confidence_level":0.95,"lower_bound":3417948.484848485,"upper_bound":3494450.0},"point_estimate":3464291.3558578324,"standard_error":17669.545530398107},"MedianAbsDev":{"confidence_interval":{"confidence_level":0.95,"lower_bound":129141.32159617217,"upper_bound":208584.9801020541},"point_estimate":161770.18962800503,"standard_error":20271.105043418702},"Slope":{"confidence_interval":{"confidence_level":0.95,"lower_bound":3402037.3343796707,"upper_bound":3465868.150706706},"point_estimate":3432311.0970888133,"standard_error":16260.32238491827},"StdDev":{"confidence_interval":{"confidence_level":0.95,"lower_bound":169258.52054054776,"upper_bound":270719.7576874951},"point_estimate":223957.04446442207,"standard_error":25993.408805382194}}