{"Mean":{"confidence_interval":{"confidence_level":0.95,"lower_bound":1378183.5560516522,"upper_bound":1504149.2801914385},"point_estimate":1438575.0301065065,"standard_error":32125.150175843984},"Median":{"confidence_interval":{"confidence_level":0.95,"lower_bound":1292243.75,"upper_bound":1435410.8318264014},"point_estimate":1356744.5314505775,"standard_error":38809.77774739531},"MedianAbsDev":{"confidence_interval":{"confidence_level":0.95,"lower_bound":196143.92301319234,"upper_bound":340196.0637018102},"point_estimate":255822.69788618255,"standard_error":36646.01925253827},"Slope":{"confidence_interval":{"confidence_level":0.95,"lower_bound":1309621.7989223746,"upper_bound":1420895.1116321173},"point_estimate":1363407.7378454264,"standard_error":28268.729056381508},"StdDev":{"confidence_interval":{"confidence_level":0.95,"lower_bound":251869.82270863166,"upper_bound":396806.1515390372},"point_estimate":322604.0345155251,"standard_error":37457.06089059551}}