{"Mean":{"confidence_interval":{"confidence_level":0.95,"lower_bound":620714.4691518983,"upper_bound":625357.3690866218},"point_estimate":622838.8805717076,"standard_error":1184.8071876218678},"Median":{"confidence_interval":{"confidence_level":0.95,"lower_bound":619423.2142857143,"upper_bound":621523.538557214},"point_estimate":620630.3708439898,"standard_error":502.56220192806364},"MedianAbsDev":{"confidence_interval":{"confidence_level":0.95,"lower_bound":4493.785822125584,"upper_bound":7419.941873331021},"point_estimate":5927.637286067726,"standard_error":775.9785452679207},"Slope":{"confidence_interval":{"confidence_level":0.95,"lower_bound":621098.6250538713,"upper_bound":627429.392948279},"point_estimate":623709.1810255653,"standard_error":1656.9175575275483},"StdDev":{"confidence_interval":{"confidence_level":0.95,"lower_bound":6746.09879664158,"upper_bound":16240.578704257148},"point_estimate":11888.177625985585,"standard_error":2414.0611093719226}}