{"Mean":{"confidence_interval":{"confidence_level":0.95,"lower_bound":19760379.00433823,"upper_bound":21519271.51456199},"point_estimate":20538906.387400936,"standard_error":452244.30343297095},"Median":{"confidence_interval":{"confidence_level":0.95,"lower_bound":18946710.52631579,"upper_bound":20272183.333333332},"point_estimate":19607841.29213483,"standard_error":321025.14600749605},"MedianAbsDev":{"confidence_interval":{"confidence_level":0.95,"lower_bound":1463540.5753966868,"upper_bound":2446521.406898897},"point_estimate":1865940.7757729301,"standard_error":246317.01104271156},"Slope":{"confidence_interval":{"confidence_level":0.95,"lower_bound":20024830.903122008,"upper_bound":21044394.871551573},"point_estimate":20527227.439337965,"standard_error":260583.5928294881},"StdDev":{"confidence_interval":{"confidence_level":0.95,"lower_bound":1818776.9066911398,"upper_bound":6662118.701964968},"point_estimate":4557070.450948892,"standard_error":1237685.4645447657}}